record_id_a,record_id_b,match_score,match_type,matched_fields
MBR_100002,SEC_100003,0.99,deterministic,member_number_exact|email_domain_fuzzy|name_exact|phone_exact|address_fuzzy|society_exact
MBR_100002,XPL_100004,0.97,deterministic,member_number_exact|email_domain_fuzzy|address_fuzzy|society_exact
MBR_100002,CONF_100005,0.99,deterministic,member_number_exact|name_exact|address_fuzzy|society_exact
SEC_100003,XPL_100004,0.99,deterministic,member_number_exact|email_exact|address_fuzzy|society_exact
SEC_100003,CONF_100005,0.99,deterministic,member_number_exact|name_exact|society_exact
XPL_100004,CONF_100005,0.87,deterministic,member_number_exact|address_fuzzy|society_exact
MBR_100006,XPL_100007,0.99,deterministic,member_number_exact|email_exact|name_exact|address_fuzzy|society_exact
MBR_100006,SEC_100008,0.95,deterministic,member_number_exact|name_exact
XPL_100007,SEC_100008,0.99,deterministic,member_number_exact|name_exact|address_fuzzy
MBR_100009,XPL_100010,0.8,probabilistic,email_domain_fuzzy|name_exact|phone_exact|address_fuzzy|society_exact
MBR_100009,SEC_100011,0.99,deterministic,member_number_exact|email_exact|name_exact|address_fuzzy|society_exact
XPL_100010,SEC_100011,0.7,probabilistic,email_domain_fuzzy|name_exact|address_fuzzy|society_exact
MBR_100013,SOC_100014,0.99,deterministic,member_number_exact|name_exact|phone_exact|address_fuzzy
MBR_100013,CONF_100015,0.58,probabilistic,name_exact|address_fuzzy
MBR_100013,SEC_100016,0.99,deterministic,member_number_exact|name_fuzzy|phone_exact
SOC_100014,CONF_100015,0.66,probabilistic,name_exact|address_fuzzy|society_exact
SOC_100014,SEC_100016,0.99,deterministic,member_number_exact|email_domain_fuzzy|name_fuzzy|phone_exact|society_exact
CONF_100015,SEC_100016,0.52,probabilistic,name_fuzzy|society_exact
MBR_100020,CONF_100021,0.69,probabilistic,name_exact|phone_exact|address_fuzzy|society_exact
MBR_100020,SOC_100022,0.99,deterministic,member_number_exact|name_exact|phone_exact|address_fuzzy|society_exact
CONF_100021,SOC_100022,0.7,probabilistic,name_exact|phone_exact|society_exact
MBR_100023,XPL_100024,0.79,probabilistic,email_domain_fuzzy|name_exact|phone_exact|address_fuzzy
MBR_100025,CONF_100026,0.94,deterministic,member_number_exact|address_fuzzy|society_exact
MBR_100025,SOC_100027,0.99,deterministic,member_number_exact|email_domain_fuzzy|name_exact|society_exact
CONF_100026,SOC_100027,0.84,deterministic,member_number_exact|society_exact
MBR_100028,SEC_100029,0.99,deterministic,member_number_exact|name_exact|phone_exact|address_fuzzy|society_exact
MBR_100030,XPL_100031,0.96,deterministic,member_number_exact|email_domain_fuzzy|name_fuzzy|society_exact
MBR_100030,SEC_100032,0.99,deterministic,member_number_exact|email_domain_fuzzy|name_fuzzy|phone_exact|society_exact
MBR_100030,SOC_100033,0.94,deterministic,member_number_exact|address_fuzzy|society_exact
XPL_100031,SEC_100032,0.99,deterministic,member_number_exact|email_domain_fuzzy|name_exact|address_fuzzy|society_exact
XPL_100031,SOC_100033,0.92,deterministic,member_number_exact|name_fuzzy|society_exact
SEC_100032,SOC_100033,0.94,deterministic,member_number_exact|name_fuzzy|society_exact
MBR_100034,SOC_100035,0.99,deterministic,member_number_exact|email_exact|name_exact|address_fuzzy|society_exact
MBR_100038,SEC_100039,0.96,deterministic,member_number_exact|phone_exact|society_exact
MBR_100038,CONF_100040,0.56,probabilistic,name_exact|society_exact
SEC_100039,CONF_100040,0.73,probabilistic,email_exact|address_fuzzy|society_exact
MBR_100041,SOC_100042,0.99,deterministic,member_number_exact|name_exact|address_fuzzy|society_exact
MBR_100041,XPL_100043,0.73,probabilistic,email_exact|phone_exact|society_exact
MBR_100041,SEC_100044,0.99,deterministic,member_number_exact|email_domain_fuzzy|name_exact|address_fuzzy|society_exact
SOC_100042,XPL_100043,0.46,probabilistic,address_fuzzy|society_exact
SOC_100042,SEC_100044,0.99,deterministic,member_number_exact|name_exact|phone_exact|address_fuzzy|society_exact
XPL_100043,SEC_100044,0.47,probabilistic,email_domain_fuzzy|society_exact
MBR_100045,CONF_100046,0.56,probabilistic,phone_exact|address_fuzzy
MBR_100045,SOC_100047,0.99,deterministic,member_number_exact|email_domain_fuzzy|name_exact|phone_exact|address_fuzzy
CONF_100046,SOC_100047,0.61,probabilistic,phone_exact|address_fuzzy|society_exact
MBR_100048,SEC_100049,0.99,deterministic,member_number_exact|email_domain_fuzzy|phone_exact|address_fuzzy|society_exact
MBR_100048,SOC_100050,0.99,deterministic,member_number_exact|email_exact|phone_exact|address_fuzzy|society_exact
MBR_100048,CONF_100051,0.92,deterministic,member_number_exact|address_fuzzy|society_exact
SEC_100049,SOC_100050,0.99,deterministic,member_number_exact|email_domain_fuzzy|name_exact|phone_exact|address_fuzzy|society_exact
SEC_100049,CONF_100051,0.99,deterministic,member_number_exact|name_exact|address_fuzzy|society_exact
SOC_100050,CONF_100051,0.99,deterministic,member_number_exact|name_exact|address_fuzzy|society_exact
MBR_100052,SOC_100053,0.99,deterministic,member_number_exact|email_domain_fuzzy|name_exact|society_exact
MBR_100055,XPL_100056,0.66,probabilistic,email_domain_fuzzy|phone_exact|address_fuzzy|society_exact
MBR_100057,SOC_100058,0.99,deterministic,member_number_exact|email_domain_fuzzy|name_fuzzy|phone_exact|address_fuzzy|society_exact
MBR_100057,CONF_100059,0.62,probabilistic,name_exact|address_fuzzy|society_exact
SOC_100058,CONF_100059,0.57,probabilistic,name_fuzzy|address_fuzzy|society_exact
MBR_100060,SEC_100061,0.92,deterministic,member_number_exact|name_fuzzy|society_exact
MBR_100060,SOC_100062,0.99,deterministic,member_number_exact|name_exact|society_exact
MBR_100060,XPL_100063,0.9,deterministic,member_number_exact|email_domain_fuzzy|society_exact
SEC_100061,SOC_100062,0.99,deterministic,member_number_exact|email_domain_fuzzy|name_fuzzy|phone_exact|address_fuzzy|society_exact
SEC_100061,XPL_100063,0.97,deterministic,member_number_exact|phone_exact|society_exact
SOC_100062,XPL_100063,0.97,deterministic,member_number_exact|phone_exact|society_exact
MBR_100064,SEC_100065,0.99,deterministic,member_number_exact|name_exact|address_fuzzy
MBR_100064,SOC_100066,0.99,deterministic,member_number_exact|name_exact|society_exact
SEC_100065,SOC_100066,0.99,deterministic,member_number_exact|email_domain_fuzzy|name_exact|phone_exact
MBR_100067,CONF_100068,0.55,probabilistic,email_domain_fuzzy|name_fuzzy|society_exact
MBR_100067,XPL_100069,0.91,deterministic,member_number_exact|email_domain_fuzzy|society_exact
CONF_100068,XPL_100069,0.74,probabilistic,email_exact|phone_exact|society_exact
MBR_100070,SOC_100071,0.86,deterministic,member_number_exact|society_exact
MBR_100070,XPL_100072,0.57,probabilistic,email_domain_fuzzy|phone_exact|society_exact
MBR_100070,SEC_100073,0.99,deterministic,member_number_exact|name_exact|phone_exact|society_exact
SOC_100071,XPL_100072,0.59,probabilistic,name_exact|society_exact
SOC_100071,SEC_100073,0.89,deterministic,member_number_exact|email_domain_fuzzy|society_exact
XPL_100072,SEC_100073,0.52,probabilistic,phone_exact|society_exact
MBR_100074,CONF_100075,0.55,probabilistic,name_exact
MBR_100077,SOC_100078,0.96,deterministic,member_number_exact|phone_exact|society_exact
MBR_100079,SOC_100080,0.99,deterministic,member_number_exact|name_exact|phone_exact|address_fuzzy
MBR_100079,SEC_100081,0.93,deterministic,member_number_exact|address_fuzzy|society_exact
SOC_100080,SEC_100081,0.94,deterministic,member_number_exact|email_domain_fuzzy|address_fuzzy
MBR_100082,CONF_100083,0.96,deterministic,member_number_exact|phone_exact|society_exact
MBR_100082,SOC_100084,0.99,deterministic,member_number_exact|email_domain_fuzzy|name_exact|address_fuzzy|society_exact
CONF_100083,SOC_100084,0.91,deterministic,member_number_exact|address_fuzzy|society_exact
MBR_100086,SOC_100087,0.99,deterministic,member_number_exact|name_exact|phone_exact|address_fuzzy|society_exact
MBR_100086,SEC_100088,0.99,deterministic,member_number_exact|name_exact|phone_exact|address_fuzzy|society_exact
MBR_100086,CONF_100089,0.68,probabilistic,name_exact|phone_exact|society_exact
SOC_100087,SEC_100088,0.99,deterministic,member_number_exact|email_domain_fuzzy|name_exact|phone_exact|address_fuzzy|society_exact
SOC_100087,CONF_100089,0.72,probabilistic,name_exact|phone_exact|address_fuzzy|society_exact
SEC_100088,CONF_100089,0.66,probabilistic,name_exact|phone_exact|society_exact
MBR_100090,SEC_100091,0.83,deterministic,member_number_exact
MBR_100092,SEC_100093,0.99,deterministic,member_number_exact|email_exact|name_exact|phone_exact|society_exact
MBR_100094,CONF_100095,0.66,probabilistic,name_exact|address_fuzzy|society_exact
MBR_100096,SOC_100097,0.99,deterministic,member_number_exact|email_domain_fuzzy|name_exact|address_fuzzy|society_exact
MBR_100096,XPL_100098,0.99,deterministic,member_number_exact|email_domain_fuzzy|name_exact|address_fuzzy|society_exact
MBR_100096,SEC_100099,0.99,deterministic,member_number_exact|email_domain_fuzzy|name_fuzzy|phone_exact|address_fuzzy|society_exact
SOC_100097,XPL_100098,0.99,deterministic,member_number_exact|email_domain_fuzzy|name_exact|address_fuzzy|society_exact
SOC_100097,SEC_100099,0.99,deterministic,member_number_exact|email_domain_fuzzy|name_fuzzy|address_fuzzy|society_exact
XPL_100098,SEC_100099,0.99,deterministic,member_number_exact|email_domain_fuzzy|name_fuzzy|address_fuzzy|society_exact
MBR_100100,SOC_100101,0.99,deterministic,member_number_exact|email_domain_fuzzy|name_exact|address_fuzzy|society_exact
MBR_100103,XPL_100104,0.54,probabilistic,email_domain_fuzzy|address_fuzzy|society_exact
MBR_100103,CONF_100105,0.99,deterministic,member_number_exact|email_domain_fuzzy|phone_exact|address_fuzzy
MBR_100103,SEC_100106,0.99,deterministic,member_number_exact|email_exact|address_fuzzy|society_exact
XPL_100104,CONF_100105,0.67,probabilistic,email_domain_fuzzy|name_exact|address_fuzzy
XPL_100104,SEC_100106,0.71,probabilistic,email_domain_fuzzy|name_exact|address_fuzzy|society_exact
CONF_100105,SEC_100106,0.99,deterministic,member_number_exact|email_domain_fuzzy|name_exact|address_fuzzy
MBR_100107,XPL_100108,0.99,deterministic,member_number_exact|email_domain_fuzzy|name_exact|address_fuzzy
MBR_100107,CONF_100109,0.99,deterministic,member_number_exact|name_fuzzy|address_fuzzy
XPL_100108,CONF_100109,0.99,deterministic,member_number_exact|name_fuzzy|phone_exact|address_fuzzy|society_exact
MBR_100110,SEC_100111,0.92,deterministic,member_number_exact|name_fuzzy|address_fuzzy
MBR_100110,SOC_100112,0.99,deterministic,member_number_exact|email_exact|name_exact|phone_exact|address_fuzzy|society_exact
SEC_100111,SOC_100112,0.97,deterministic,member_number_exact|name_fuzzy|address_fuzzy
MBR_100113,SOC_100114,0.99,deterministic,member_number_exact|name_exact|address_fuzzy|society_exact
MBR_100116,SOC_100117,0.99,deterministic,member_number_exact|name_exact|address_fuzzy|society_exact
MBR_100118,SEC_100119,0.99,deterministic,member_number_exact|email_domain_fuzzy|name_exact|address_fuzzy|society_exact
MBR_100120,SOC_100121,0.99,deterministic,member_number_exact|email_exact|name_exact|address_fuzzy|society_exact
MBR_100120,XPL_100122,0.8,probabilistic,email_domain_fuzzy|name_exact|phone_exact|address_fuzzy|society_exact
SOC_100121,XPL_100122,0.7,probabilistic,email_domain_fuzzy|name_exact|address_fuzzy|society_exact
MBR_100123,SEC_100124,0.99,deterministic,member_number_exact|phone_exact|address_fuzzy|society_exact
MBR_100123,SOC_100125,0.99,deterministic,member_number_exact|email_domain_fuzzy|phone_exact|address_fuzzy|society_exact
SEC_100124,SOC_100125,0.99,deterministic,member_number_exact|phone_exact|address_fuzzy|society_exact
MBR_100126,SEC_100127,0.99,deterministic,member_number_exact|email_domain_fuzzy|address_fuzzy|society_exact
MBR_100126,SOC_100128,0.83,deterministic,member_number_exact|society_exact
SEC_100127,SOC_100128,0.87,deterministic,member_number_exact|society_exact
MBR_100129,XPL_100130,0.68,probabilistic,email_domain_fuzzy|name_exact|address_fuzzy
MBR_100132,XPL_100133,0.51,probabilistic,email_domain_fuzzy|address_fuzzy|society_exact
MBR_100132,SEC_100134,0.99,deterministic,member_number_exact|name_exact|phone_exact|address_fuzzy|society_exact
MBR_100132,SOC_100135,0.98,deterministic,member_number_exact|name_fuzzy|address_fuzzy|society_exact
XPL_100133,SEC_100134,0.53,probabilistic,address_fuzzy|society_exact
XPL_100133,SOC_100135,0.7,probabilistic,name_fuzzy|phone_exact|address_fuzzy|society_exact
SEC_100134,SOC_100135,0.99,deterministic,member_number_exact|email_domain_fuzzy|name_fuzzy|address_fuzzy|society_exact
MBR_100136,SOC_100137,0.99,deterministic,member_number_exact|email_domain_fuzzy|name_exact|address_fuzzy|society_exact
MBR_100136,SEC_100138,0.99,deterministic,member_number_exact|email_domain_fuzzy|name_exact|phone_exact|address_fuzzy|society_exact
SOC_100137,SEC_100138,0.99,deterministic,member_number_exact|email_exact|name_exact|address_fuzzy|society_exact
MBR_100140,SOC_100141,0.93,deterministic,member_number_exact|address_fuzzy|society_exact
MBR_100140,XPL_100142,0.97,deterministic,member_number_exact|email_domain_fuzzy|address_fuzzy|society_exact
MBR_100140,CONF_100143,0.61,probabilistic,phone_exact|address_fuzzy|society_exact
SOC_100141,XPL_100142,0.94,deterministic,member_number_exact|address_fuzzy|society_exact
SOC_100141,CONF_100143,0.64,probabilistic,name_exact|address_fuzzy|society_exact
XPL_100142,CONF_100143,0.5,probabilistic,address_fuzzy|society_exact
MBR_100144,SOC_100145,0.87,deterministic,member_number_exact|address_fuzzy
MBR_100146,CONF_100147,0.52,probabilistic,address_fuzzy|society_exact
MBR_100146,SEC_100148,0.99,deterministic,member_number_exact|name_fuzzy|phone_exact|address_fuzzy|society_exact
CONF_100147,SEC_100148,0.51,probabilistic,address_fuzzy|society_exact
MBR_100149,SEC_100150,0.99,deterministic,member_number_exact|name_exact|address_fuzzy|society_exact
MBR_100151,XPL_100152,0.99,deterministic,member_number_exact|email_exact|name_exact|phone_exact|address_fuzzy|society_exact
MBR_100151,SEC_100153,0.99,deterministic,member_number_exact|email_domain_fuzzy|name_exact|address_fuzzy|society_exact
MBR_100151,CONF_100154,0.99,deterministic,member_number_exact|name_exact|society_exact
XPL_100152,SEC_100153,0.99,deterministic,member_number_exact|email_domain_fuzzy|name_exact|address_fuzzy|society_exact
XPL_100152,CONF_100154,0.99,deterministic,member_number_exact|name_exact|society_exact
SEC_100153,CONF_100154,0.99,deterministic,member_number_exact|name_exact|society_exact
MBR_100155,CONF_100156,0.72,probabilistic,name_exact|phone_exact|address_fuzzy
MBR_100155,SEC_100157,0.99,deterministic,member_number_exact|email_exact|name_exact|phone_exact|address_fuzzy
CONF_100156,SEC_100157,0.7,probabilistic,name_exact|phone_exact|society_exact
MBR_100158,SEC_100159,0.99,deterministic,member_number_exact|email_domain_fuzzy|phone_exact|address_fuzzy|society_exact
MBR_100158,CONF_100160,0.99,deterministic,member_number_exact|name_exact|address_fuzzy|society_exact
MBR_100158,XPL_100161,0.96,deterministic,member_number_exact|email_domain_fuzzy|address_fuzzy|society_exact
SEC_100159,CONF_100160,0.95,deterministic,member_number_exact|address_fuzzy|society_exact
SEC_100159,XPL_100161,0.98,deterministic,member_number_exact|email_domain_fuzzy|address_fuzzy|society_exact
CONF_100160,XPL_100161,0.99,deterministic,member_number_exact|phone_exact|address_fuzzy|society_exact
MBR_100163,SEC_100164,0.84,deterministic,member_number_exact
MBR_100165,CONF_100166,0.54,probabilistic,email_domain_fuzzy|address_fuzzy|society_exact
MBR_100165,XPL_100167,0.99,deterministic,member_number_exact|email_exact|phone_exact|society_exact
CONF_100166,XPL_100167,0.63,probabilistic,email_domain_fuzzy|name_exact|society_exact
MBR_100168,SEC_100169,0.99,deterministic,member_number_exact|email_domain_fuzzy|name_fuzzy|address_fuzzy|society_exact
MBR_100170,XPL_100171,0.72,probabilistic,email_domain_fuzzy|name_exact|address_fuzzy|society_exact
MBR_100172,SEC_100173,0.99,deterministic,member_number_exact|phone_exact|address_fuzzy|society_exact
MBR_100172,SOC_100174,0.99,deterministic,member_number_exact|email_domain_fuzzy|phone_exact|address_fuzzy|society_exact
MBR_100172,XPL_100175,0.97,deterministic,member_number_exact|email_domain_fuzzy|address_fuzzy|society_exact
SEC_100173,SOC_100174,0.99,deterministic,member_number_exact|name_exact|phone_exact|address_fuzzy|society_exact
SEC_100173,XPL_100175,0.99,deterministic,member_number_exact|name_exact|address_fuzzy|society_exact
SOC_100174,XPL_100175,0.99,deterministic,member_number_exact|email_domain_fuzzy|name_exact|address_fuzzy|society_exact
MBR_100176,CONF_100177,0.42,probabilistic,society_exact
MBR_100176,SEC_100178,0.86,deterministic,member_number_exact|society_exact
MBR_100176,SOC_100179,0.99,deterministic,member_number_exact|email_domain_fuzzy|name_exact|society_exact
CONF_100177,SEC_100178,0.6,probabilistic,phone_exact|address_fuzzy|society_exact
CONF_100177,SOC_100179,0.61,probabilistic,phone_exact|address_fuzzy|society_exact
SEC_100178,SOC_100179,0.99,deterministic,member_number_exact|phone_exact|address_fuzzy|society_exact
MBR_100180,SEC_100181,0.99,deterministic,member_number_exact|name_exact|address_fuzzy|society_exact
MBR_100182,XPL_100183,0.99,deterministic,member_number_exact|email_domain_fuzzy|name_exact|address_fuzzy
MBR_100182,SOC_100184,0.99,deterministic,member_number_exact|name_exact|address_fuzzy
MBR_100182,CONF_100185,0.99,deterministic,member_number_exact|name_exact|phone_exact|address_fuzzy
XPL_100183,SOC_100184,0.99,deterministic,member_number_exact|name_exact|address_fuzzy
XPL_100183,CONF_100185,0.99,deterministic,member_number_exact|name_exact|address_fuzzy
SOC_100184,CONF_100185,0.99,deterministic,member_number_exact|name_exact|address_fuzzy|society_exact
MBR_100186,XPL_100187,0.99,deterministic,member_number_exact|email_domain_fuzzy|phone_exact|address_fuzzy|society_exact
MBR_100186,SOC_100188,0.99,deterministic,member_number_exact|name_fuzzy|phone_exact|address_fuzzy|society_exact
XPL_100187,SOC_100188,0.99,deterministic,member_number_exact|name_fuzzy|phone_exact|address_fuzzy|society_exact
MBR_100189,SOC_100190,0.99,deterministic,member_number_exact|name_exact|phone_exact
MBR_100191,SOC_100192,0.99,deterministic,member_number_exact|email_domain_fuzzy|phone_exact|address_fuzzy|society_exact
MBR_100191,SEC_100193,0.99,deterministic,member_number_exact|name_exact|phone_exact|address_fuzzy|society_exact
MBR_100191,XPL_100194,0.99,deterministic,member_number_exact|email_domain_fuzzy|name_exact|address_fuzzy|society_exact
SOC_100192,SEC_100193,0.99,deterministic,member_number_exact|phone_exact|address_fuzzy|society_exact
SOC_100192,XPL_100194,0.99,deterministic,member_number_exact|email_exact|address_fuzzy|society_exact
SEC_100193,XPL_100194,0.99,deterministic,member_number_exact|name_exact|address_fuzzy|society_exact
MBR_100195,SEC_100196,0.87,deterministic,member_number_exact|address_fuzzy|society_exact
MBR_100197,CONF_100198,0.99,deterministic,member_number_exact|name_fuzzy|phone_exact|address_fuzzy|society_exact
MBR_100200,SEC_100201,0.89,deterministic,member_number_exact|email_domain_fuzzy|society_exact
MBR_100200,XPL_100202,0.99,deterministic,member_number_exact|email_domain_fuzzy|name_exact|address_fuzzy|society_exact
MBR_100200,CONF_100203,0.51,probabilistic,address_fuzzy|society_exact
SEC_100201,XPL_100202,0.99,deterministic,member_number_exact|email_domain_fuzzy|phone_exact|society_exact
SEC_100201,CONF_100203,0.67,probabilistic,name_exact|phone_exact|society_exact
XPL_100202,CONF_100203,0.63,probabilistic,phone_exact|address_fuzzy|society_exact
MBR_100205,CONF_100206,0.73,probabilistic,name_exact|phone_exact|address_fuzzy|society_exact
MBR_100205,SOC_100207,0.99,deterministic,member_number_exact|name_exact|phone_exact|address_fuzzy|society_exact
CONF_100206,SOC_100207,0.73,probabilistic,name_exact|phone_exact|address_fuzzy|society_exact
MBR_100208,CONF_100209,0.63,probabilistic,name_exact|address_fuzzy
MBR_100210,XPL_100211,0.73,probabilistic,email_domain_fuzzy|name_exact|phone_exact|society_exact
MBR_100210,SEC_100212,0.98,deterministic,member_number_exact|name_exact|society_exact
XPL_100211,SEC_100212,0.57,probabilistic,name_exact|society_exact
MBR_100213,XPL_100214,0.99,deterministic,member_number_exact|email_domain_fuzzy|phone_exact|address_fuzzy|society_exact
MBR_100213,SEC_100215,0.99,deterministic,member_number_exact|phone_exact|address_fuzzy|society_exact
XPL_100214,SEC_100215,0.97,deterministic,member_number_exact|phone_exact|address_fuzzy|society_exact
MBR_100216,SOC_100217,0.99,deterministic,member_number_exact|email_domain_fuzzy|phone_exact|address_fuzzy|society_exact
MBR_100218,SOC_100219,0.99,deterministic,member_number_exact|name_exact|address_fuzzy|society_exact
MBR_100223,SEC_100224,0.99,deterministic,member_number_exact|email_exact|society_exact
MBR_100225,SEC_100226,0.99,deterministic,member_number_exact|email_exact|name_exact|address_fuzzy|society_exact
MBR_100229,XPL_100230,0.81,probabilistic,email_domain_fuzzy|name_exact|phone_exact|address_fuzzy|society_exact
MBR_100229,SOC_100231,0.99,deterministic,member_number_exact|email_exact|name_exact|address_fuzzy|society_exact
MBR_100229,SEC_100232,0.99,deterministic,member_number_exact|email_domain_fuzzy|name_exact|address_fuzzy|society_exact
XPL_100230,SOC_100231,0.68,probabilistic,email_domain_fuzzy|name_exact|address_fuzzy|society_exact
XPL_100230,SEC_100232,0.68,probabilistic,email_domain_fuzzy|name_exact|address_fuzzy|society_exact
SOC_100231,SEC_100232,0.99,deterministic,member_number_exact|email_domain_fuzzy|name_exact|phone_exact|address_fuzzy|society_exact
MBR_100233,XPL_100234,0.76,probabilistic,email_domain_fuzzy|name_exact|phone_exact|address_fuzzy
MBR_100233,CONF_100235,0.54,probabilistic,name_exact
XPL_100234,CONF_100235,0.54,probabilistic,name_exact
MBR_100236,SEC_100237,0.87,deterministic,member_number_exact|address_fuzzy
MBR_100236,XPL_100238,0.53,probabilistic,email_domain_fuzzy|address_fuzzy
MBR_100236,SOC_100239,0.9,deterministic,member_number_exact|address_fuzzy
SEC_100237,XPL_100238,0.67,probabilistic,name_fuzzy|phone_exact|address_fuzzy|society_exact
SEC_100237,SOC_100239,0.99,deterministic,member_number_exact|email_domain_fuzzy|name_exact|phone_exact|address_fuzzy|society_exact
XPL_100238,SOC_100239,0.67,probabilistic,name_fuzzy|phone_exact|address_fuzzy|society_exact
MBR_100240,XPL_100241,0.7,probabilistic,email_exact|address_fuzzy|society_exact
MBR_100242,CONF_100243,0.99,deterministic,member_number_exact|phone_exact|address_fuzzy|society_exact
MBR_100244,SOC_100245,0.99,deterministic,member_number_exact|email_domain_fuzzy|name_exact|phone_exact|address_fuzzy|society_exact
MBR_100247,SOC_100248,0.99,deterministic,member_number_exact|email_domain_fuzzy|name_exact|phone_exact|address_fuzzy
MBR_100247,SEC_100249,0.99,deterministic,member_number_exact|email_domain_fuzzy|name_exact|phone_exact|address_fuzzy
SOC_100248,SEC_100249,0.99,deterministic,member_number_exact|email_domain_fuzzy|name_exact|phone_exact|address_fuzzy|society_exact
MBR_100250,SOC_100251,0.96,deterministic,member_number_exact|email_domain_fuzzy|address_fuzzy|society_exact
MBR_100252,SOC_100253,0.85,deterministic,member_number_exact|society_exact
MBR_100255,CONF_100256,0.99,deterministic,member_number_exact|email_domain_fuzzy|name_exact|phone_exact|society_exact
MBR_100255,SOC_100257,0.99,deterministic,member_number_exact|name_exact|phone_exact|address_fuzzy|society_exact
MBR_100255,SEC_100258,0.96,deterministic,member_number_exact|phone_exact|society_exact
CONF_100256,SOC_100257,0.99,deterministic,member_number_exact|name_exact|phone_exact|society_exact
CONF_100256,SEC_100258,0.96,deterministic,member_number_exact|phone_exact|society_exact
SOC_100257,SEC_100258,0.99,deterministic,member_number_exact|email_domain_fuzzy|phone_exact|society_exact
MBR_100259,SEC_100260,0.81,deterministic,member_number_exact
MBR_100259,SOC_100261,0.85,deterministic,member_number_exact|society_exact
MBR_100259,XPL_100262,0.9,deterministic,member_number_exact|email_domain_fuzzy|society_exact
SEC_100260,SOC_100261,0.99,deterministic,member_number_exact|email_domain_fuzzy|name_exact|phone_exact|address_fuzzy
SEC_100260,XPL_100262,0.95,deterministic,member_number_exact|phone_exact|address_fuzzy
SOC_100261,XPL_100262,0.98,deterministic,member_number_exact|phone_exact|address_fuzzy|society_exact
MBR_100263,CONF_100264,0.86,deterministic,member_number_exact|address_fuzzy|society_exact
MBR_100263,SOC_100265,0.9,deterministic,member_number_exact|address_fuzzy|society_exact
CONF_100264,SOC_100265,0.93,deterministic,member_number_exact|address_fuzzy|society_exact
MBR_100266,XPL_100267,0.62,probabilistic,email_domain_fuzzy|name_exact
MBR_100266,CONF_100268,0.48,probabilistic,email_domain_fuzzy|society_exact
XPL_100267,CONF_100268,0.7,probabilistic,email_exact|phone_exact
MBR_100269,SEC_100270,0.99,deterministic,member_number_exact|email_domain_fuzzy|phone_exact|address_fuzzy
MBR_100271,SEC_100272,0.99,deterministic,member_number_exact|name_exact|society_exact
MBR_100273,XPL_100274,0.54,probabilistic,email_domain_fuzzy|address_fuzzy
MBR_100273,SOC_100275,0.91,deterministic,member_number_exact|address_fuzzy|society_exact
XPL_100274,SOC_100275,0.64,probabilistic,name_exact|address_fuzzy
MBR_100276,CONF_100277,0.99,deterministic,member_number_exact|name_fuzzy|phone_exact|address_fuzzy|society_exact
MBR_100276,SOC_100278,0.99,deterministic,member_number_exact|name_exact|phone_exact|address_fuzzy|society_exact
CONF_100277,SOC_100278,0.99,deterministic,member_number_exact|name_fuzzy|phone_exact|address_fuzzy|society_exact
MBR_100279,XPL_100280,0.99,deterministic,member_number_exact|email_exact|name_exact|society_exact
MBR_100279,CONF_100281,0.99,deterministic,member_number_exact|name_exact|address_fuzzy|society_exact
MBR_100279,SOC_100282,0.99,deterministic,member_number_exact|name_exact|address_fuzzy|society_exact
XPL_100280,CONF_100281,0.99,deterministic,member_number_exact|name_exact|phone_exact|society_exact
XPL_100280,SOC_100282,0.99,deterministic,member_number_exact|name_exact|phone_exact|society_exact
CONF_100281,SOC_100282,0.99,deterministic,member_number_exact|name_exact|phone_exact|address_fuzzy|society_exact
MBR_100283,SOC_100284,0.99,deterministic,member_number_exact|email_exact|address_fuzzy|society_exact
MBR_100283,XPL_100285,0.55,probabilistic,email_domain_fuzzy|address_fuzzy
SOC_100284,XPL_100285,0.77,probabilistic,email_domain_fuzzy|name_exact|phone_exact|address_fuzzy
MBR_100286,SOC_100287,0.99,deterministic,member_number_exact|email_exact|phone_exact|address_fuzzy
MBR_100286,CONF_100288,0.6,probabilistic,name_exact|address_fuzzy|society_exact
MBR_100286,SEC_100289,0.99,deterministic,member_number_exact|email_exact|name_exact|phone_exact|address_fuzzy|society_exact
SOC_100287,CONF_100288,0.47,probabilistic,address_fuzzy
SOC_100287,SEC_100289,0.99,deterministic,member_number_exact|email_exact|phone_exact|address_fuzzy
CONF_100288,SEC_100289,0.66,probabilistic,name_exact|address_fuzzy|society_exact
MBR_100291,SEC_100292,0.99,deterministic,member_number_exact|email_exact|name_exact|phone_exact
MBR_100291,SOC_100293,0.98,deterministic,member_number_exact|phone_exact|address_fuzzy
SEC_100292,SOC_100293,0.97,deterministic,member_number_exact|phone_exact|address_fuzzy
MBR_100294,CONF_100295,0.86,deterministic,member_number_exact|society_exact
MBR_100294,SOC_100296,0.87,deterministic,member_number_exact|society_exact
CONF_100295,SOC_100296,0.99,deterministic,member_number_exact|name_exact|phone_exact|society_exact
MBR_100298,SOC_100299,0.99,deterministic,member_number_exact|name_exact|society_exact
MBR_100298,SEC_100300,0.99,deterministic,member_number_exact|name_exact|society_exact
MBR_100298,CONF_100301,0.98,deterministic,member_number_exact|name_exact|society_exact
SOC_100299,SEC_100300,0.99,deterministic,member_number_exact|email_domain_fuzzy|name_exact|phone_exact|address_fuzzy|society_exact
SOC_100299,CONF_100301,0.99,deterministic,member_number_exact|name_exact|address_fuzzy|society_exact
SEC_100300,CONF_100301,0.99,deterministic,member_number_exact|name_exact|address_fuzzy|society_exact
MBR_100302,SOC_100303,0.99,deterministic,member_number_exact|name_fuzzy|phone_exact|society_exact
MBR_100302,CONF_100304,0.66,probabilistic,name_fuzzy|phone_exact|address_fuzzy|society_exact
SOC_100303,CONF_100304,0.7,probabilistic,name_exact|phone_exact|society_exact
MBR_100305,XPL_100306,0.8,probabilistic,email_domain_fuzzy|name_exact|phone_exact|address_fuzzy|society_exact
MBR_100305,SEC_100307,0.99,deterministic,member_number_exact|email_domain_fuzzy|name_fuzzy|address_fuzzy|society_exact
MBR_100305,CONF_100308,0.99,deterministic,member_number_exact|name_fuzzy|address_fuzzy|society_exact
XPL_100306,SEC_100307,0.65,probabilistic,email_domain_fuzzy|name_fuzzy|address_fuzzy|society_exact
XPL_100306,CONF_100308,0.6,probabilistic,name_fuzzy|address_fuzzy|society_exact
SEC_100307,CONF_100308,0.92,deterministic,member_number_exact|address_fuzzy|society_exact
MBR_100310,SEC_100311,0.99,deterministic,member_number_exact|name_exact|phone_exact|society_exact
MBR_100310,SOC_100312,0.98,deterministic,member_number_exact|name_exact|society_exact
SEC_100311,SOC_100312,0.99,deterministic,member_number_exact|email_domain_fuzzy|name_exact|society_exact
MBR_100314,SEC_100315,0.96,deterministic,member_number_exact|phone_exact|society_exact
MBR_100314,XPL_100316,0.65,probabilistic,email_domain_fuzzy|phone_exact|address_fuzzy|society_exact
MBR_100314,SOC_100317,0.99,deterministic,member_number_exact|phone_exact|address_fuzzy|society_exact
SEC_100315,XPL_100316,0.69,probabilistic,name_exact|phone_exact|society_exact
SEC_100315,SOC_100317,0.99,deterministic,member_number_exact|email_domain_fuzzy|name_exact|phone_exact|society_exact
XPL_100316,SOC_100317,0.76,probabilistic,name_exact|phone_exact|address_fuzzy|society_exact
MBR_100319,SEC_100320,0.99,deterministic,member_number_exact|name_exact|phone_exact|address_fuzzy
MBR_100319,XPL_100321,0.69,probabilistic,email_domain_fuzzy|name_fuzzy|phone_exact|address_fuzzy
MBR_100319,CONF_100322,0.99,deterministic,member_number_exact|name_exact|phone_exact|address_fuzzy
SEC_100320,XPL_100321,0.62,probabilistic,name_fuzzy|phone_exact|society_exact
SEC_100320,CONF_100322,0.99,deterministic,member_number_exact|name_exact|phone_exact|address_fuzzy|society_exact
XPL_100321,CONF_100322,0.66,probabilistic,name_fuzzy|phone_exact|address_fuzzy|society_exact
MBR_100323,CONF_100324,0.99,deterministic,member_number_exact|phone_exact|address_fuzzy
MBR_100323,SEC_100325,0.99,deterministic,member_number_exact|email_domain_fuzzy|name_exact|address_fuzzy|society_exact
MBR_100323,XPL_100326,0.99,deterministic,member_number_exact|email_exact|address_fuzzy|society_exact
CONF_100324,SEC_100325,0.91,deterministic,member_number_exact|address_fuzzy
CONF_100324,XPL_100326,0.9,deterministic,member_number_exact|address_fuzzy
SEC_100325,XPL_100326,0.99,deterministic,member_number_exact|email_domain_fuzzy|phone_exact|address_fuzzy|society_exact
MBR_100327,SEC_100328,0.99,deterministic,member_number_exact|email_domain_fuzzy|name_exact|address_fuzzy|society_exact
MBR_100327,CONF_100329,0.99,deterministic,member_number_exact|name_exact|phone_exact|address_fuzzy|society_exact
MBR_100327,SOC_100330,0.99,deterministic,member_number_exact|email_domain_fuzzy|name_exact|address_fuzzy|society_exact
SEC_100328,CONF_100329,0.99,deterministic,member_number_exact|name_exact|address_fuzzy|society_exact
SEC_100328,SOC_100330,0.99,deterministic,member_number_exact|email_domain_fuzzy|name_exact|phone_exact|address_fuzzy|society_exact
CONF_100329,SOC_100330,0.99,deterministic,member_number_exact|name_exact|address_fuzzy|society_exact
MBR_100331,CONF_100332,0.99,deterministic,member_number_exact|email_domain_fuzzy|name_exact|society_exact
MBR_100331,SOC_100333,0.99,deterministic,member_number_exact|name_exact|society_exact
MBR_100331,SEC_100334,0.99,deterministic,member_number_exact|email_domain_fuzzy|name_exact|phone_exact|society_exact
CONF_100332,SOC_100333,0.99,deterministic,member_number_exact|name_exact|phone_exact|society_exact
CONF_100332,SEC_100334,0.99,deterministic,member_number_exact|email_domain_fuzzy|name_exact|address_fuzzy|society_exact
SOC_100333,SEC_100334,0.98,deterministic,member_number_exact|name_exact|society_exact
MBR_100335,CONF_100336,0.51,probabilistic,address_fuzzy|society_exact
MBR_100337,CONF_100338,0.96,deterministic,member_number_exact|phone_exact|address_fuzzy
MBR_100337,XPL_100339,0.99,deterministic,member_number_exact|email_domain_fuzzy|name_exact|phone_exact|address_fuzzy
MBR_100337,SOC_100340,0.99,deterministic,member_number_exact|email_domain_fuzzy|phone_exact|address_fuzzy
CONF_100338,XPL_100339,0.97,deterministic,member_number_exact|phone_exact|address_fuzzy|society_exact
CONF_100338,SOC_100340,0.99,deterministic,member_number_exact|name_exact|phone_exact|address_fuzzy
XPL_100339,SOC_100340,0.98,deterministic,member_number_exact|email_domain_fuzzy|phone_exact|address_fuzzy
MBR_100341,XPL_100342,0.99,deterministic,member_number_exact|email_domain_fuzzy|name_exact|phone_exact|address_fuzzy|society_exact
MBR_100341,SEC_100343,0.99,deterministic,member_number_exact|email_domain_fuzzy|name_exact|phone_exact|address_fuzzy|society_exact
XPL_100342,SEC_100343,0.99,deterministic,member_number_exact|email_domain_fuzzy|name_exact|phone_exact|society_exact
MBR_100344,CONF_100345,0.69,probabilistic,name_exact|phone_exact|society_exact
MBR_100344,SOC_100346,0.99,deterministic,member_number_exact|email_domain_fuzzy|name_exact
CONF_100345,SOC_100346,0.65,probabilistic,name_exact|address_fuzzy
MBR_100347,SOC_100348,0.94,deterministic,member_number_exact|email_domain_fuzzy|address_fuzzy
MBR_100349,CONF_100350,0.52,probabilistic,address_fuzzy|society_exact
MBR_100351,CONF_100352,0.78,probabilistic,email_exact|name_exact|society_exact
MBR_100355,SOC_100356,0.99,deterministic,member_number_exact|name_exact|phone_exact|society_exact
MBR_100357,SEC_100358,0.99,deterministic,member_number_exact|email_domain_fuzzy|name_exact|phone_exact|address_fuzzy|society_exact
MBR_100357,SOC_100359,0.94,deterministic,member_number_exact|email_domain_fuzzy|address_fuzzy
MBR_100357,CONF_100360,0.99,deterministic,member_number_exact|name_exact|phone_exact|society_exact
SEC_100358,SOC_100359,0.94,deterministic,member_number_exact|email_domain_fuzzy|address_fuzzy
SEC_100358,CONF_100360,0.99,deterministic,member_number_exact|name_exact|phone_exact|society_exact
SOC_100359,CONF_100360,0.82,deterministic,member_number_exact
MBR_100361,XPL_100362,0.59,probabilistic,email_domain_fuzzy|name_exact
MBR_100361,CONF_100363,0.99,deterministic,member_number_exact|email_exact
MBR_100361,SOC_100364,0.99,deterministic,member_number_exact|email_domain_fuzzy|phone_exact|address_fuzzy
XPL_100362,CONF_100363,0.58,probabilistic,email_domain_fuzzy|phone_exact|society_exact
XPL_100362,SOC_100364,0.64,probabilistic,email_exact|society_exact
CONF_100363,SOC_100364,0.88,deterministic,member_number_exact|email_domain_fuzzy|society_exact
MBR_100365,SOC_100366,0.97,deterministic,member_number_exact|email_domain_fuzzy|address_fuzzy|society_exact
MBR_100365,CONF_100367,0.79,probabilistic,email_domain_fuzzy|name_exact|phone_exact|address_fuzzy|society_exact
MBR_100365,SEC_100368,0.97,deterministic,member_number_exact|email_domain_fuzzy|address_fuzzy|society_exact
SOC_100366,CONF_100367,0.69,probabilistic,email_exact|address_fuzzy|society_exact
SOC_100366,SEC_100368,0.99,deterministic,member_number_exact|email_domain_fuzzy|phone_exact|address_fuzzy|society_exact
CONF_100367,SEC_100368,0.57,probabilistic,email_domain_fuzzy|address_fuzzy|society_exact
MBR_100369,XPL_100370,0.55,probabilistic,email_domain_fuzzy|address_fuzzy|society_exact
MBR_100373,CONF_100374,0.86,deterministic,member_number_exact|society_exact
MBR_100373,XPL_100375,0.48,probabilistic,email_domain_fuzzy|society_exact
MBR_100373,SEC_100376,0.92,deterministic,member_number_exact|email_domain_fuzzy|society_exact
CONF_100374,XPL_100375,0.61,probabilistic,phone_exact|address_fuzzy|society_exact
CONF_100374,SEC_100376,0.99,deterministic,member_number_exact|name_exact|phone_exact|address_fuzzy|society_exact
XPL_100375,SEC_100376,0.67,probabilistic,email_domain_fuzzy|phone_exact|address_fuzzy|society_exact
MBR_100379,CONF_100380,0.71,probabilistic,name_exact|phone_exact|address_fuzzy|society_exact
MBR_100379,SEC_100381,0.99,deterministic,member_number_exact|name_exact|address_fuzzy|society_exact
CONF_100380,SEC_100381,0.63,probabilistic,name_exact|address_fuzzy|society_exact
MBR_100382,SOC_100383,0.95,deterministic,member_number_exact|phone_exact|society_exact
MBR_100382,SEC_100384,0.99,deterministic,member_number_exact|email_domain_fuzzy|name_exact|society_exact
MBR_100382,CONF_100385,0.71,probabilistic,email_domain_fuzzy|name_exact|address_fuzzy|society_exact
SOC_100383,SEC_100384,0.86,deterministic,member_number_exact|society_exact
SOC_100383,CONF_100385,0.43,probabilistic,society_exact
SEC_100384,CONF_100385,0.9,probabilistic,email_exact|name_exact|phone_exact|society_exact
MBR_100386,CONF_100387,0.57,probabilistic,name_exact|society_exact
MBR_100388,XPL_100389,0.81,probabilistic,email_domain_fuzzy|name_exact|phone_exact|address_fuzzy|society_exact
MBR_100390,SOC_100391,0.91,deterministic,member_number_exact|email_domain_fuzzy|address_fuzzy|society_exact
MBR_100390,SEC_100392,0.99,deterministic,member_number_exact|name_exact|phone_exact|address_fuzzy|society_exact
SOC_100391,SEC_100392,0.94,deterministic,member_number_exact|address_fuzzy|society_exact
MBR_100393,CONF_100394,0.84,deterministic,member_number_exact|address_fuzzy
MBR_100395,XPL_100396,0.76,probabilistic,email_exact|phone_exact|address_fuzzy
MBR_100395,SEC_100397,0.99,deterministic,member_number_exact|name_exact|address_fuzzy|society_exact
MBR_100395,CONF_100398,0.95,deterministic,member_number_exact|address_fuzzy|society_exact
XPL_100396,SEC_100397,0.48,probabilistic,address_fuzzy
XPL_100396,CONF_100398,0.61,probabilistic,name_exact|address_fuzzy
SEC_100397,CONF_100398,0.93,deterministic,member_number_exact|address_fuzzy|society_exact
MBR_100399,SOC_100400,0.99,deterministic,member_number_exact|email_domain_fuzzy|name_exact|phone_exact|society_exact
MBR_100402,SEC_100403,0.99,deterministic,member_number_exact|email_domain_fuzzy|name_exact|phone_exact|address_fuzzy|society_exact
MBR_100402,SOC_100404,0.99,deterministic,member_number_exact|name_exact|phone_exact|society_exact
MBR_100402,XPL_100405,0.81,probabilistic,email_domain_fuzzy|name_exact|phone_exact|address_fuzzy|society_exact
SEC_100403,SOC_100404,0.99,deterministic,member_number_exact|name_exact|phone_exact|society_exact
SEC_100403,XPL_100405,0.96,probabilistic,email_exact|name_exact|phone_exact|address_fuzzy|society_exact
SOC_100404,XPL_100405,0.67,probabilistic,name_exact|phone_exact|society_exact
MBR_100406,SOC_100407,0.99,deterministic,member_number_exact|phone_exact|address_fuzzy|society_exact
MBR_100408,SEC_100409,0.99,deterministic,member_number_exact|email_domain_fuzzy|name_exact|phone_exact|address_fuzzy|society_exact
MBR_100410,CONF_100411,0.5,probabilistic,name_fuzzy|society_exact
MBR_100412,CONF_100413,0.8,probabilistic,email_domain_fuzzy|name_exact|phone_exact|address_fuzzy|society_exact
MBR_100412,SOC_100414,0.99,deterministic,member_number_exact|email_exact|phone_exact|address_fuzzy
MBR_100412,XPL_100415,0.81,probabilistic,email_domain_fuzzy|name_exact|phone_exact|address_fuzzy|society_exact
CONF_100413,SOC_100414,0.61,probabilistic,email_domain_fuzzy|phone_exact|address_fuzzy
CONF_100413,XPL_100415,0.83,probabilistic,email_domain_fuzzy|name_exact|phone_exact|address_fuzzy|society_exact
SOC_100414,XPL_100415,0.64,probabilistic,email_domain_fuzzy|phone_exact|address_fuzzy
MBR_100416,CONF_100417,0.99,deterministic,member_number_exact|name_exact|society_exact
MBR_100418,CONF_100419,0.62,probabilistic,name_exact|address_fuzzy
MBR_100418,SOC_100420,0.99,deterministic,member_number_exact|email_domain_fuzzy|name_exact|address_fuzzy|society_exact
CONF_100419,SOC_100420,0.63,probabilistic,name_exact|address_fuzzy
MBR_100421,XPL_100422,0.98,deterministic,member_number_exact|email_domain_fuzzy|address_fuzzy|society_exact
MBR_100421,SOC_100423,0.99,deterministic,member_number_exact|name_exact|phone_exact
XPL_100422,SOC_100423,0.81,deterministic,member_number_exact
MBR_100424,SEC_100425,0.99,deterministic,member_number_exact|name_exact|society_exact
MBR_100424,XPL_100426,0.7,probabilistic,email_domain_fuzzy|name_exact|phone_exact
SEC_100425,XPL_100426,0.59,probabilistic,name_exact|address_fuzzy
MBR_100427,SEC_100428,0.99,deterministic,member_number_exact|email_domain_fuzzy|name_fuzzy|phone_exact|address_fuzzy|society_exact
MBR_100427,XPL_100429,0.81,probabilistic,email_domain_fuzzy|name_exact|phone_exact|address_fuzzy|society_exact
SEC_100428,XPL_100429,0.71,probabilistic,email_domain_fuzzy|name_fuzzy|phone_exact|address_fuzzy|society_exact
MBR_100430,SEC_100431,0.93,deterministic,member_number_exact|address_fuzzy|society_exact
MBR_100433,XPL_100434,0.56,probabilistic,email_domain_fuzzy|address_fuzzy|society_exact
MBR_100436,CONF_100437,0.75,probabilistic,name_exact|phone_exact|address_fuzzy|society_exact
MBR_100436,SEC_100438,0.99,deterministic,member_number_exact|email_domain_fuzzy|name_exact|phone_exact|address_fuzzy|society_exact
CONF_100437,SEC_100438,0.75,probabilistic,name_exact|phone_exact|address_fuzzy|society_exact
MBR_100440,CONF_100441,0.99,deterministic,member_number_exact|name_fuzzy|phone_exact|address_fuzzy|society_exact
MBR_100440,SOC_100442,0.99,deterministic,member_number_exact|name_fuzzy|address_fuzzy|society_exact
MBR_100440,XPL_100443,0.99,deterministic,member_number_exact|email_domain_fuzzy|name_fuzzy|address_fuzzy|society_exact
CONF_100441,SOC_100442,0.99,deterministic,member_number_exact|name_exact|address_fuzzy|society_exact
CONF_100441,XPL_100443,0.99,deterministic,member_number_exact|name_exact|address_fuzzy|society_exact
SOC_100442,XPL_100443,0.99,deterministic,member_number_exact|name_exact|phone_exact|address_fuzzy|society_exact
MBR_100444,SEC_100445,0.99,deterministic,member_number_exact|name_fuzzy|address_fuzzy|society_exact
MBR_100444,XPL_100446,0.97,deterministic,member_number_exact|email_domain_fuzzy|name_fuzzy|society_exact
MBR_100444,SOC_100447,0.99,deterministic,member_number_exact|name_fuzzy|address_fuzzy|society_exact
SEC_100445,XPL_100446,0.99,deterministic,member_number_exact|name_exact|phone_exact|society_exact
SEC_100445,SOC_100447,0.99,deterministic,member_number_exact|email_exact|name_exact|phone_exact|address_fuzzy|society_exact
XPL_100446,SOC_100447,0.99,deterministic,member_number_exact|name_exact|phone_exact|society_exact
MBR_100448,SOC_100449,0.99,deterministic,member_number_exact|email_domain_fuzzy|name_exact|address_fuzzy|society_exact
MBR_100448,SEC_100450,0.99,deterministic,member_number_exact|email_exact|name_exact|society_exact
MBR_100448,CONF_100451,0.99,deterministic,member_number_exact|name_exact|address_fuzzy|society_exact
SOC_100449,SEC_100450,0.99,deterministic,member_number_exact|email_domain_fuzzy|name_exact|phone_exact|society_exact
SOC_100449,CONF_100451,0.99,deterministic,member_number_exact|name_exact|phone_exact|address_fuzzy|society_exact
SEC_100450,CONF_100451,0.99,deterministic,member_number_exact|name_exact|phone_exact|society_exact
MBR_100452,XPL_100453,0.99,deterministic,member_number_exact|email_exact|phone_exact|address_fuzzy|society_exact
MBR_100452,SOC_100454,0.99,deterministic,member_number_exact|name_exact|phone_exact|address_fuzzy|society_exact
MBR_100452,CONF_100455,0.99,deterministic,member_number_exact|phone_exact|address_fuzzy
XPL_100453,SOC_100454,0.99,deterministic,member_number_exact|phone_exact|address_fuzzy|society_exact
XPL_100453,CONF_100455,0.99,deterministic,member_number_exact|phone_exact|address_fuzzy
SOC_100454,CONF_100455,0.99,deterministic,member_number_exact|phone_exact|address_fuzzy
MBR_100457,SOC_100458,0.99,deterministic,member_number_exact|email_domain_fuzzy|name_exact|society_exact
MBR_100457,SEC_100459,0.96,deterministic,member_number_exact|phone_exact|society_exact
MBR_100457,CONF_100460,0.99,deterministic,member_number_exact|name_exact|phone_exact|society_exact
SOC_100458,SEC_100459,0.85,deterministic,member_number_exact|society_exact
SOC_100458,CONF_100460,0.99,deterministic,member_number_exact|name_exact|society_exact
SEC_100459,CONF_100460,0.98,deterministic,member_number_exact|phone_exact|address_fuzzy|society_exact
MBR_100461,SEC_100462,0.99,deterministic,member_number_exact|name_exact|phone_exact
MBR_100463,SEC_100464,0.99,deterministic,member_number_exact|name_exact|address_fuzzy
MBR_100466,SOC_100467,0.99,deterministic,member_number_exact|name_exact|address_fuzzy|society_exact
MBR_100466,XPL_100468,0.51,probabilistic,email_domain_fuzzy|address_fuzzy|society_exact
SOC_100467,XPL_100468,0.53,probabilistic,address_fuzzy|society_exact
MBR_100469,SEC_100470,0.99,deterministic,member_number_exact|name_exact|society_exact
MBR_100469,SOC_100471,0.91,deterministic,member_number_exact|email_domain_fuzzy|society_exact
SEC_100470,SOC_100471,0.86,deterministic,member_number_exact|society_exact
MBR_100473,SOC_100474,0.88,deterministic,member_number_exact|address_fuzzy
MBR_100473,CONF_100475,0.99,deterministic,member_number_exact|email_exact|name_exact|address_fuzzy
SOC_100474,CONF_100475,0.98,deterministic,member_number_exact|phone_exact|address_fuzzy|society_exact
MBR_100476,XPL_100477,0.54,probabilistic,email_domain_fuzzy|address_fuzzy|society_exact
MBR_100476,CONF_100478,0.49,probabilistic,address_fuzzy|society_exact
XPL_100477,CONF_100478,0.65,probabilistic,name_exact|address_fuzzy|society_exact
MBR_100480,SEC_100481,0.99,deterministic,member_number_exact|email_exact|name_exact|phone_exact|address_fuzzy|society_exact
MBR_100480,SOC_100482,0.99,deterministic,member_number_exact|email_domain_fuzzy|phone_exact|address_fuzzy|society_exact
MBR_100480,CONF_100483,0.99,deterministic,member_number_exact|name_exact|phone_exact|address_fuzzy|society_exact
SEC_100481,SOC_100482,0.99,deterministic,member_number_exact|email_domain_fuzzy|phone_exact|address_fuzzy|society_exact
SEC_100481,CONF_100483,0.99,deterministic,member_number_exact|name_exact|phone_exact|address_fuzzy|society_exact
SOC_100482,CONF_100483,0.99,deterministic,member_number_exact|phone_exact|address_fuzzy|society_exact
MBR_100484,CONF_100485,0.99,deterministic,member_number_exact|name_exact|phone_exact|society_exact
MBR_100484,SOC_100486,0.99,deterministic,member_number_exact|name_exact|society_exact
MBR_100484,XPL_100487,0.99,deterministic,member_number_exact|email_domain_fuzzy|name_exact|phone_exact|society_exact
CONF_100485,SOC_100486,0.99,deterministic,member_number_exact|name_exact|society_exact
CONF_100485,XPL_100487,0.99,deterministic,member_number_exact|name_exact|phone_exact|address_fuzzy|society_exact
SOC_100486,XPL_100487,0.99,deterministic,member_number_exact|name_exact|society_exact
MBR_100488,SOC_100489,0.99,deterministic,member_number_exact|name_exact|address_fuzzy|society_exact
MBR_100488,XPL_100490,0.8,probabilistic,email_exact|phone_exact|address_fuzzy|society_exact
MBR_100488,CONF_100491,0.71,probabilistic,email_domain_fuzzy|name_exact|address_fuzzy|society_exact
SOC_100489,XPL_100490,0.5,probabilistic,address_fuzzy|society_exact
SOC_100489,CONF_100491,0.66,probabilistic,name_exact|address_fuzzy|society_exact
XPL_100490,CONF_100491,0.55,probabilistic,email_domain_fuzzy|address_fuzzy|society_exact
MBR_100492,SOC_100493,0.99,deterministic,member_number_exact|phone_exact|address_fuzzy|society_exact
MBR_100492,CONF_100494,0.99,deterministic,member_number_exact|phone_exact|address_fuzzy|society_exact
SOC_100493,CONF_100494,0.99,deterministic,member_number_exact|name_exact|phone_exact|address_fuzzy|society_exact
MBR_100495,CONF_100496,0.99,deterministic,member_number_exact|email_exact|phone_exact
MBR_100495,SOC_100497,0.99,deterministic,member_number_exact|name_exact|society_exact
MBR_100495,SEC_100498,0.95,deterministic,member_number_exact|phone_exact|society_exact
CONF_100496,SOC_100497,0.91,deterministic,member_number_exact|address_fuzzy
CONF_100496,SEC_100498,0.99,deterministic,member_number_exact|phone_exact|address_fuzzy
SOC_100497,SEC_100498,0.98,deterministic,member_number_exact|email_domain_fuzzy|address_fuzzy|society_exact
MBR_100500,XPL_100501,0.61,probabilistic,email_domain_fuzzy|name_exact|society_exact
MBR_100500,SEC_100502,0.94,deterministic,member_number_exact|email_domain_fuzzy|address_fuzzy
XPL_100501,SEC_100502,0.46,probabilistic,email_domain_fuzzy
MBR_100503,SEC_100504,0.99,deterministic,member_number_exact|name_exact|address_fuzzy|society_exact
MBR_100505,SOC_100506,0.91,deterministic,member_number_exact|email_domain_fuzzy|society_exact
MBR_100505,XPL_100507,0.99,deterministic,member_number_exact|email_domain_fuzzy|phone_exact|address_fuzzy|society_exact
MBR_100505,SEC_100508,0.93,deterministic,member_number_exact|address_fuzzy|society_exact
SOC_100506,XPL_100507,0.99,deterministic,member_number_exact|email_domain_fuzzy|name_exact|society_exact
SOC_100506,SEC_100508,0.99,deterministic,member_number_exact|name_exact|phone_exact|society_exact
XPL_100507,SEC_100508,0.99,deterministic,member_number_exact|name_exact|address_fuzzy|society_exact
MBR_100509,SOC_100510,0.99,deterministic,member_number_exact|name_exact|address_fuzzy
MBR_100509,SEC_100511,0.99,deterministic,member_number_exact|email_exact|phone_exact
MBR_100509,XPL_100512,0.99,deterministic,member_number_exact|email_exact|name_exact|phone_exact|address_fuzzy
SOC_100510,SEC_100511,0.85,deterministic,member_number_exact|society_exact
SOC_100510,XPL_100512,0.99,deterministic,member_number_exact|name_exact|address_fuzzy|society_exact
SEC_100511,XPL_100512,0.99,deterministic,member_number_exact|email_exact|phone_exact|society_exact
MBR_100513,SEC_100514,0.99,deterministic,member_number_exact|name_exact|address_fuzzy|society_exact
MBR_100517,CONF_100518,0.96,deterministic,member_number_exact|phone_exact|society_exact
MBR_100519,SOC_100520,0.99,deterministic,member_number_exact|name_exact|address_fuzzy
MBR_100519,XPL_100521,0.95,deterministic,member_number_exact|email_domain_fuzzy|address_fuzzy
SOC_100520,XPL_100521,0.92,deterministic,member_number_exact|address_fuzzy|society_exact
MBR_100522,SEC_100523,0.94,deterministic,member_number_exact|address_fuzzy|society_exact
MBR_100522,CONF_100524,0.68,probabilistic,name_exact|address_fuzzy|society_exact
SEC_100523,CONF_100524,0.62,probabilistic,phone_exact|address_fuzzy|society_exact
MBR_100525,SEC_100526,0.99,deterministic,member_number_exact|name_exact|address_fuzzy|society_exact
MBR_100525,CONF_100527,0.95,deterministic,member_number_exact|address_fuzzy|society_exact
MBR_100525,XPL_100528,0.76,probabilistic,email_domain_fuzzy|name_exact|phone_exact|address_fuzzy|society_exact
SEC_100526,CONF_100527,0.95,deterministic,member_number_exact|address_fuzzy|society_exact
SEC_100526,XPL_100528,0.62,probabilistic,name_exact|address_fuzzy|society_exact
CONF_100527,XPL_100528,0.47,probabilistic,address_fuzzy|society_exact
MBR_100529,SOC_100530,0.99,deterministic,member_number_exact|name_exact|phone_exact
MBR_100529,CONF_100531,0.99,deterministic,member_number_exact|email_exact|name_exact|phone_exact|address_fuzzy
MBR_100529,XPL_100532,0.99,deterministic,member_number_exact|email_domain_fuzzy|name_exact|phone_exact|address_fuzzy
SOC_100530,CONF_100531,0.99,deterministic,member_number_exact|name_exact|phone_exact|society_exact
SOC_100530,XPL_100532,0.99,deterministic,member_number_exact|name_exact|phone_exact|society_exact
CONF_100531,XPL_100532,0.99,deterministic,member_number_exact|email_domain_fuzzy|name_exact|phone_exact|address_fuzzy|society_exact
MBR_100533,SEC_100534,0.99,deterministic,member_number_exact|email_domain_fuzzy|name_exact|address_fuzzy
MBR_100533,SOC_100535,0.94,deterministic,member_number_exact|email_domain_fuzzy|address_fuzzy
MBR_100533,XPL_100536,0.86,deterministic,member_number_exact|email_domain_fuzzy
SEC_100534,SOC_100535,0.99,deterministic,member_number_exact|email_domain_fuzzy|phone_exact|address_fuzzy|society_exact
SEC_100534,XPL_100536,0.99,deterministic,member_number_exact|email_exact|phone_exact|society_exact
SOC_100535,XPL_100536,0.99,deterministic,member_number_exact|email_domain_fuzzy|name_exact|phone_exact|society_exact
MBR_100537,CONF_100538,0.99,deterministic,member_number_exact|name_exact|address_fuzzy|society_exact
MBR_100537,SOC_100539,0.99,deterministic,member_number_exact|name_exact|address_fuzzy|society_exact
MBR_100537,SEC_100540,0.99,deterministic,member_number_exact|email_domain_fuzzy|phone_exact|address_fuzzy|society_exact
CONF_100538,SOC_100539,0.99,deterministic,member_number_exact|name_exact|phone_exact|address_fuzzy|society_exact
CONF_100538,SEC_100540,0.91,deterministic,member_number_exact|address_fuzzy|society_exact
SOC_100539,SEC_100540,0.9,deterministic,member_number_exact|address_fuzzy|society_exact
MBR_100542,SOC_100543,0.99,deterministic,member_number_exact|email_domain_fuzzy|name_exact|address_fuzzy
MBR_100544,SEC_100545,0.99,deterministic,member_number_exact|email_domain_fuzzy|name_fuzzy|phone_exact|address_fuzzy|society_exact
MBR_100544,XPL_100546,0.81,probabilistic,email_domain_fuzzy|name_exact|phone_exact|address_fuzzy|society_exact
SEC_100545,XPL_100546,0.7,probabilistic,email_domain_fuzzy|name_fuzzy|phone_exact|address_fuzzy|society_exact
MBR_100547,SEC_100548,0.99,deterministic,member_number_exact|email_domain_fuzzy|address_fuzzy|society_exact
MBR_100547,XPL_100549,0.56,probabilistic,email_domain_fuzzy|address_fuzzy|society_exact
MBR_100547,CONF_100550,0.95,deterministic,member_number_exact|email_domain_fuzzy|address_fuzzy|society_exact
SEC_100548,XPL_100549,0.72,probabilistic,email_domain_fuzzy|name_fuzzy|phone_exact|address_fuzzy|society_exact
SEC_100548,CONF_100550,0.99,deterministic,member_number_exact|email_domain_fuzzy|name_exact|phone_exact|address_fuzzy|society_exact
XPL_100549,CONF_100550,0.72,probabilistic,email_domain_fuzzy|name_fuzzy|phone_exact|address_fuzzy|society_exact
MBR_100551,XPL_100552,0.56,probabilistic,email_domain_fuzzy|address_fuzzy|society_exact
MBR_100551,SEC_100553,0.98,deterministic,member_number_exact|email_domain_fuzzy|address_fuzzy|society_exact
XPL_100552,SEC_100553,0.97,probabilistic,email_exact|name_exact|phone_exact|address_fuzzy|society_exact
MBR_100554,CONF_100555,0.94,deterministic,member_number_exact|phone_exact|society_exact
MBR_100554,SEC_100556,0.99,deterministic,member_number_exact|email_exact|phone_exact|society_exact
CONF_100555,SEC_100556,0.99,deterministic,member_number_exact|name_exact|phone_exact|address_fuzzy|society_exact
MBR_100558,SOC_100559,0.96,deterministic,member_number_exact|phone_exact|society_exact
